source,target,iPNH_weight,AD_r,AD_p,CTRL_r,CTRL_p,r_diff,fisher_z,fisher_p
FABP3,AGRN,1.3,0.49623111400951525,2.854244617974283e-06,0.2381512925374703,0.09239710045371101,0.25807982147204495,1.639342681143607,0.1011419118073813
FABP3,MAPT,2.41,0.7812762793985963,1.2380991987470804e-17,0.2162718620200539,0.12743280337707713,0.5650044173785425,4.507245113360926,6.567475054453098e-06
FABP3,TREM1,1.56,0.028920911529062072,0.7989868208023482,-0.10758278160824128,0.45239229434730993,0.13650369313730334,0.7445754371188965,0.45652842150321327
IGFBP7,CST3,1.38,0.44414714359927276,3.67618820752114e-05,0.43705515845257864,0.0013423728905576785,0.007091985146694124,0.047853962135379915,0.9618326302181484
MAPT,ENO2,0.52,0.7489903190573781,1.356781809517994e-15,0.3059357474625546,0.02901379873681419,0.44305457159482353,3.5594613014843217,0.000371616285350429
NRGN,VEGFA,0.8,0.4012337834856049,0.0002255583177152872,-0.06691847347078594,0.6408078864807775,0.46815225695639084,2.6760682350454448,0.00744914773612515
NRGN,FABP3,0.75,0.7905099262396844,2.7852197028119307e-18,0.6045270259497666,2.629279826821703e-06,0.18598290028991782,2.0257341101150117,0.04279203924216923
