"signature","auc","ci_lower","ci_upper","perm_p","flipped"
"Blood_signature",0.50487012987013,0.44476,0.686379030452306,0.82017982017982,FALSE
"Brain_signature_control",0.547077922077922,0.424986205432937,0.702351950881363,0.545454545454545,FALSE
"Full_signature",0.512987012987013,0.438273896103896,0.683225263157895,0.752247752247752,FALSE
