"cell_type","auc","ci_lower","ci_upper","perm_p","flipped","n_donors","n_ad","n_hc","n_genes","n_cells"
"CD4_T",0.581168831168831,0.428571428571429,0.733766233766234,0.350649350649351,FALSE,50,28,22,21,131917
"CD8_T",0.560064935064935,0.397727272727273,0.730519480519481,0.446553446553447,FALSE,50,28,22,21,38118
"Plasma",0.555555555555556,0.325925925925926,0.748240740740741,0.579420579420579,FALSE,33,18,15,21,788
"CD14_Monocytes",0.545454545454545,0.370454545454545,0.729545454545454,0.629370629370629,FALSE,42,22,20,21,8451
"B_cells",0.49512987012987,0.327881493506494,0.654220779220779,1,TRUE,50,28,22,21,19059
"CD16_Monocytes",0.475113122171946,0.284954751131222,0.678733031674208,1,TRUE,30,13,17,21,2779
"NK",0.444805194805195,0.287094155844156,0.605803571428571,1,TRUE,50,28,22,21,68141
